<?xml version="1.0" encoding="UTF-8"?>
<project-private xmlns="http://www.netbeans.org/ns/project-private/1">
    <editor-bookmarks xmlns="http://www.netbeans.org/ns/editor-bookmarks/2" lastBookmarkId="0"/>
    <open-files xmlns="http://www.netbeans.org/ns/projectui-open-files/2">
        <group>
            <file>file:/C:/Users/moeja/OneDrive/Desktop/SOFTWARE-CONSTRUCTION-Project-Main2-bug%20fixing/src/login/LoginTable1.java</file>
            <file>file:/C:/Users/moeja/OneDrive/Desktop/SOFTWARE-CONSTRUCTION-Project-Main2-bug%20fixing/src/login/Menu.java</file>
            <file>file:/C:/Users/moeja/OneDrive/Desktop/SOFTWARE-CONSTRUCTION-Project-Main2-bug%20fixing/src/login/UpdateCustmoerInfo.java</file>
            <file>file:/C:/Users/moeja/OneDrive/Desktop/SOFTWARE-CONSTRUCTION-Project-Main2-bug%20fixing/src/login/AddCar.java</file>
            <file>file:/C:/Users/moeja/OneDrive/Desktop/SOFTWARE-CONSTRUCTION-Project-Main2-bug%20fixing/src/login/CustomersInfoManagament.java</file>
            <file>file:/C:/Users/moeja/OneDrive/Desktop/SOFTWARE-CONSTRUCTION-Project-Main2-bug%20fixing/src/login/RentCar.java</file>
        </group>
    </open-files>
</project-private>
