<?xml version="1.0" encoding="UTF-8"?>
<project-private xmlns="http://www.netbeans.org/ns/project-private/1">
    <editor-bookmarks xmlns="http://www.netbeans.org/ns/editor-bookmarks/2" lastBookmarkId="0"/>
    <open-files xmlns="http://www.netbeans.org/ns/projectui-open-files/2">
        <group>
            <file>file:/C:/Users/moeja/OneDrive/Desktop/SOFTWARE-CONSTRUCTION-Project-main22/src/login/DBConnection.java</file>
            <file>file:/C:/Users/moeja/OneDrive/Desktop/SOFTWARE-CONSTRUCTION-Project-main22/src/login/LoginTable1.java</file>
            <file>file:/C:/Users/moeja/OneDrive/Desktop/SOFTWARE-CONSTRUCTION-Project-main22/src/login/CustomersInfoManagament.java</file>
            <file>file:/C:/Users/moeja/OneDrive/Desktop/SOFTWARE-CONSTRUCTION-Project-main22/src/login/RentCar.java</file>
            <file>file:/C:/Users/moeja/OneDrive/Desktop/SOFTWARE-CONSTRUCTION-Project-main22/src/login/UpdateCustmoerInfo.java</file>
            <file>file:/C:/Users/moeja/OneDrive/Desktop/SOFTWARE-CONSTRUCTION-Project-main22/src/login/Login.java</file>
            <file>file:/C:/Users/moeja/OneDrive/Desktop/SOFTWARE-CONSTRUCTION-Project-main22/src/login/Registration.java</file>
            <file>file:/C:/Users/moeja/OneDrive/Desktop/SOFTWARE-CONSTRUCTION-Project-main22/src/login/AddACustomer.java</file>
            <file>file:/C:/Users/moeja/OneDrive/Desktop/SOFTWARE-CONSTRUCTION-Project-main22/src/login/UpdateCar.java</file>
            <file>file:/C:/Users/moeja/OneDrive/Desktop/SOFTWARE-CONSTRUCTION-Project-main22/src/login/CarInfoManagement.java</file>
            <file>file:/C:/Users/moeja/OneDrive/Desktop/SOFTWARE-CONSTRUCTION-Project-main22/src/login/Menu.java</file>
            <file>file:/C:/Users/moeja/OneDrive/Desktop/SOFTWARE-CONSTRUCTION-Project-main22/src/login/AddCar.java</file>
            <file>file:/C:/Users/moeja/OneDrive/Desktop/SOFTWARE-CONSTRUCTION-Project-main22/src/login/RemoveACustmoer.java</file>
        </group>
    </open-files>
</project-private>
