<?xml version="1.0" encoding="UTF-8"?>
<project-private xmlns="http://www.netbeans.org/ns/project-private/1">
    <editor-bookmarks xmlns="http://www.netbeans.org/ns/editor-bookmarks/2" lastBookmarkId="0"/>
    <open-files xmlns="http://www.netbeans.org/ns/projectui-open-files/2">
        <group>
            <file>file:/C:/Users/moeja/OneDrive/Documents/NetBeansProjects/Login/src/login/DeleteCar.java</file>
            <file>file:/C:/Users/moeja/OneDrive/Documents/NetBeansProjects/Login/src/login/DBConnection.java</file>
            <file>file:/C:/Users/moeja/OneDrive/Documents/NetBeansProjects/Login/src/login/Menu.java</file>
            <file>file:/C:/Users/moeja/OneDrive/Documents/NetBeansProjects/Login/src/login/Registration.java</file>
            <file>file:/C:/Users/moeja/OneDrive/Documents/NetBeansProjects/Login/src/login/UpdateCar.java</file>
            <file>file:/C:/Users/moeja/OneDrive/Documents/NetBeansProjects/Login/src/login/DisplayAllCustomers.java</file>
            <file>file:/C:/Users/moeja/OneDrive/Documents/NetBeansProjects/Login/src/login/LoginTable1.java</file>
            <file>file:/C:/Users/moeja/OneDrive/Documents/NetBeansProjects/Login/src/login/testCar.java</file>
            <file>file:/C:/Users/moeja/OneDrive/Documents/NetBeansProjects/Login/src/login/Login.java</file>
            <file>file:/C:/Users/moeja/OneDrive/Documents/NetBeansProjects/Login/src/login/SearchCar.java</file>
            <file>file:/C:/Users/moeja/OneDrive/Documents/NetBeansProjects/Login/src/login/DisplayCarTable.java</file>
            <file>file:/C:/Users/moeja/OneDrive/Documents/NetBeansProjects/Login/src/login/AddCustomer.java</file>
            <file>file:/C:/Users/moeja/OneDrive/Documents/NetBeansProjects/Login/src/login/AddCustomer2.java</file>
        </group>
    </open-files>
</project-private>
